time_hour,control,treatment_a,treatment_b
0,30.2188,29.47,29.9252
1,30.6212,28.7719,30.2154
2,30.3769,29.2639,30.3224
3,30.9076,30.215,29.4
4,31.7265,29.8589,31.1618
5,31.9059,30.025,30.6302
6,31.6052,29.7699,30.5197
7,32.4788,30.0376,30.0202
8,32.2046,30.7601,30.4852
9,32.887,30.0762,29.9811
10,33.0916,31.0234,29.8577
11,32.4738,30.9659,30.0823
12,32.2189,31.1678,30.4526
13,32.157,31.0764,30.343
14,32.1604,31.6936,30.1563
15,32.6567,31.6301,29.7322
16,32.2609,31.8991,30.4973
17,32.1031,31.8885,30.5755
18,32.1543,32.6763,31.016
19,31.5392,32.4696,30.4546
20,31.7907,32.7675,30.9021
21,31.2742,33.1565,30.342
22,31.7748,33.6214,30.8564
23,30.6672,33.0596,31.0311
24,31.336,34.2137,30.8303
25,30.4189,33.91,31.1294
26,30.5668,34.1582,31.1887
27,30.4373,34.5336,31.4255
28,31.0292,34.4207,31.7037
29,30.4228,34.8962,31.7974
30,31.077,34.8395,31.8487
31,31.3653,35.0927,32.2615
32,31.2774,34.6143,32.4285
33,30.9496,35.4278,33.287
34,32.1425,35.2328,33.1316
35,32.1933,35.2281,34.2943
36,32.7184,35.8297,33.6179
37,32.935,35.3703,33.9335
38,33.5565,35.6163,34.862
39,33.3389,36.278,35.26
40,33.2164,36.0053,34.6425
41,34.2621,36.1828,35.4963
42,35.0306,36.4875,35.6686
43,35.1965,36.3209,36.0205
44,34.6783,37.1247,36.0709
45,35.2553,37.4482,36.7827
46,36.0338,37.4667,37.1572
47,35.2307,37.3171,37.3461
