x,cluster_a_y,cluster_b_y,nonlinear_y
-3,-2.934,0.4263,4.1456
-2.95,-1.6375,1.5463,4.5232
-2.9,-2.1594,0.2456,3.7891
-2.85,-2.3672,2.5916,3.351
-2.8,-2.2722,0.4472,3.4665
-2.75,-1.6432,0.1508,2.7157
-2.7,-1.2965,1.0138,2.6309
-2.65,-1.6627,0.4158,2.2015
-2.6,-0.9122,0.194,1.8508
-2.55,-0.7716,0.0178,3.2033
-2.5,-1.3035,1.0514,1.6077
-2.45,-1.4657,0.852,1.6295
-2.4,-0.9272,0.8716,1.3668
-2.35,-1.0592,1.5014,1.2751
-2.3,-0.2132,1.0994,0.9209
-2.25,-1.2162,-0.2549,2.0143
-2.2,-0.3219,0.3696,0.848
-2.15,-0.5797,1.0296,0.9317
-2.1,-0.0986,-0.0086,0.1871
-2.05,0.1196,0.2168,1.0315
-2,-0.592,0.7271,0.1662
-1.95,-0.1722,-0.6936,-0.1775
-1.9,-0.2786,1.4416,0.2919
-1.85,0.1475,-0.0062,0.545
-1.8,-0.4641,-0.0801,-0.4607
-1.75,-0.1365,0.2118,-0.6316
-1.7,0.351,0.147,-0.0884
-1.65,0.1443,-0.8114,-0.4655
-1.6,-0.6919,0.1073,-0.9705
-1.55,0.2434,0.1316,-0.8341
-1.5,0.1834,-1.5003,-0.1096
-1.45,-0.2842,-0.6472,-0.3161
-1.4,0.0111,-0.9877,-0.8146
-1.35,-0.1044,0.5254,-1.4114
-1.3,1.1526,-0.3632,-1.4375
-1.25,0.2519,-0.5689,-1.4998
-1.2,0.3663,-1.0154,-0.8287
-1.15,0.2733,0.1781,-1.166
-1.1,0.566,0.0062,-1.3505
-1.05,0.5395,-0.4603,-1.0132
-1,0.3757,-0.3689,-1.6507
-0.95,0.8209,-0.418,-2.0759
-0.9,0.526,-0.9846,-0.992
-0.85,1.4622,-0.8582,-1.4877
-0.8,2.1502,0.3767,-2.5363
-0.75,1.6727,-0.2072,-1.0883
-0.7,1.2154,-1.8748,-1.5791
-0.65,0.2998,-1.4135,-1.9356
-0.6,1.49,-1.2446,-1.6762
-0.55,1.9628,-1.0584,-3.0355
-0.5,2.38,-0.1479,-2.46
-0.45,1.1748,-1.735,-1.9645
-0.4,1.0033,-1.4878,-1.6163
-0.35,1.1896,-1.2926,-1.9823
-0.3,1.8198,-0.6012,-2.6894
-0.25,1.7709,-0.9639,-1.7758
-0.2,2.4849,-1.1366,-2.0405
-0.15,1.8255,-1.0063,-1.9059
-0.1,2.0259,-1.1363,-2.7276
-0.05,2.2797,-2.0893,-2.5994
0,1.4199,-0.5592,-1.9075
0.05,2.808,-1.4754,-2.382
0.1,2.8261,-1.8685,-2.7071
0.15,1.686,-0.9864,-2.1284
0.2,1.8185,-2.1417,-2.3243
0.25,1.8256,-2.5192,-2.7302
0.3,3.3536,-2.6512,-2.623
0.35,2.8058,-2.1494,-2.6223
0.4,3.0143,-1.7741,-2.5884
0.45,2.338,-1.7929,-2.0467
0.5,3.7308,-0.4932,-2.3339
0.55,2.0394,-1.8613,-1.9596
0.6,3.4796,-2.105,-2.9541
0.65,2.8013,-2.0938,-2.105
0.7,3.5305,-3.426,-2.2203
0.75,2.5742,-2.3183,-1.7868
0.8,2.6732,-2.2616,-1.3777
0.85,2.921,-1.3107,-1.8285
0.9,3.9198,-1.9013,-1.7126
0.95,3.3177,-1.8988,-1.809
1,3.0277,-2.2273,-1.5806
1.05,3.3837,-2.216,-0.8624
1.1,4.2637,-1.8963,-2.0992
1.15,4.4562,-2.5064,-2.6256
1.2,3.8327,-2.2348,-1.2821
1.25,4.3342,-2.3472,-1.6647
1.3,3.145,-3.4009,-0.5436
1.35,5.3212,-2.7419,-0.9477
1.4,3.5615,-4.5834,-0.6621
1.45,4.0512,-2.8969,-0.6961
1.5,4.7045,-3.0867,-0.7634
1.55,4.7136,-2.8198,-0.8152
1.6,4.5031,-2.4505,-0.8601
1.65,4.9177,-2.1932,-0.6392
1.7,4.4788,-2.5137,-0.085
1.75,4.3294,-2.9339,0.2962
1.8,3.9838,-3.2479,-0.4654
1.85,4.8102,-3.8534,0.0952
1.9,6.5385,-3.3236,-0.0808
1.95,5.0929,-3.3178,0.0093
2,5.2334,-2.894,0.5722
2.05,4.875,-2.7542,0.239
2.1,5.8836,-3.7367,1.2388
2.15,4.8705,-3.0368,0.868
2.2,5.0911,-3.4667,1.3325
2.25,5.8693,-3.9663,1.1995
2.3,5.4547,-2.0625,0.9095
2.35,5.5745,-3.2962,0.987
2.4,6.0382,-2.9066,1.6371
2.45,5.6114,-3.22,1.8517
2.5,6.7454,-3.3415,1.8484
2.55,5.3539,-3.7697,1.7049
2.6,4.7521,-3.7576,2.3326
2.65,5.5481,-3.715,2.5914
2.7,6.0407,-3.6005,2.735
2.75,6.3237,-4.1271,2.7588
2.8,6.0505,-3.7572,2.6964
2.85,7.6211,-4.3702,3.0684
2.9,6.3535,-3.7478,3.623
2.95,6.2502,-4.3551,4.3236
