control,method_a,method_b,method_c
67.5316,81.9535,79.9071,85.4791
67.3571,72.0088,81.1257,88.5621
78.7108,83.06,78.0176,85.1692
73.6943,76.3192,89.8761,87.688
74.0154,80.9602,80.3183,93.5753
69.1247,87.2168,74.6981,87.8103
68.7562,77.0263,86.1454,93.5862
73.1167,86.5914,82.1911,85.9381
74.1244,78.3159,91.7239,84.3848
69.5852,75.1545,82.5074,92.097
70.2417,76.9672,89.0451,82.0633
74.576,70.6238,80.0058,87.8446
71.3959,71.4737,81.3338,84.5513
66.6649,78.7982,82.9493,87.4098
69.6466,82.8673,78.1837,87.4382
70.4449,73.0494,83.5289,87.71
70.1122,74.0611,85.6853,84.215
63.0975,75.7949,79.2823,93.4037
82.8117,75.8903,89.1838,86.1827
63.7136,78.3813,88.1154,93.6858
79.4524,82.9917,85.9903,92.7706
79.7957,82.2592,82.6666,87.8298
61.6049,77.4888,83.9186,86.5544
75.955,75.0643,78.6596,88.7675
72.8155,80.4556,79.8808,87.4957
72.9222,81.2478,84.5079,82.8647
72.3067,81.3842,80.167,84.8562
66.5052,81.5672,85.0159,88.0149
81.8194,71.8679,88.699,88.9966
63.8545,79.1823,82.0144,90.2539
