gaussian,bimodal,right_skewed,heavy_tail
0.6078,-1.552,0.5442,-1.6843
1.2853,1.7167,0.2786,-1.347
2.2693,-2.046,0.9413,0.9957
1.168,1.3918,2.2073,1.176
-0.037,-2.3806,0.7508,-1.8263
-0.3903,1.7914,2.5777,0.373
-0.6116,-0.9208,0.1666,1.8686
-0.3678,1.2372,0.0398,-0.7119
0.3701,-0.4921,1.122,-1.1112
1.4379,1.8454,0.4018,0.2809
0.7409,-1.1966,3.755,-0.0364
2.1515,0.9747,1.1881,-6.0218
1.496,-0.6385,0.1822,0.9058
0.737,2.1502,0.4885,-0.0245
0.6522,-1.8407,1.2251,-0.7456
0.023,2.7724,1.1474,1.4579
-0.5438,-2.6259,0.2553,-1.1227
0.2013,2.8126,2.013,2.0616
-0.0501,-1.0546,0.1963,0.0776
-1.7563,1.0949,1.1156,1.8617
0.8174,-1.5611,1.575,0.1763
0.8366,1.7622,0.1635,-2.0727
-0.1551,-1.7057,0.1672,-0.46
1.4853,1.4126,0.3694,-0.8606
1.2226,-2.7662,1.3641,0.4829
-0.5098,0.912,1.8837,1.467
-1.1073,-2.2731,0.0992,-0.4788
0.1823,1.7735,2.1176,1.2775
0.5267,-2.358,0.0552,0.7184
0.5518,1.9101,0.0986,-0.6355
-1.0654,-2.1301,0.0838,0.8705
0.5638,1.8389,1.2315,-1.6641
0.049,-1.8925,0.8973,1.6283
0.4703,2.4134,0.0997,-3.6838
-0.8307,-1.6829,0.0245,-0.1088
-0.9518,1.9514,0.9151,1.1697
-0.5054,-2.7839,0.1777,1.3909
2.0354,1.4426,1.4991,0.3931
-1.3247,-0.8763,0.1589,0.6328
0.9458,2.4362,0.7355,-0.0716
-0.0337,-3.1393,0.6875,1.0257
-0.6195,1.5517,0.1026,0.3094
-0.5651,-1.7778,0.232,0.0524
0.2751,1.4421,0.4186,0.1874
-1.3515,-1.1236,1.6317,5.9606
1.2532,1.7144,0.7532,-0.4657
-1.1426,-0.9448,0.876,-0.6985
-0.7352,0.5714,1.2204,-1.6741
0.4898,-1.6886,1.573,0.8867
-0.5812,1.495,3.6569,5.3402
-0.5396,-2.3134,1.0845,-0.762
1.6485,1.9339,0.8435,-0.3827
0.4488,-0.9571,1.7662,-0.617
-1.1047,1.2981,1.0755,-0.0383
0.2744,-2.2624,1.5406,-0.6923
0.9832,2.7465,0.3131,0.5476
-1.625,-1.6999,0.0601,-0.9244
-0.473,2.0061,0.7113,-0.1805
0.0073,-1.6625,0.8607,0.5573
-0.2666,1.4346,0.2542,0.4961
-0.7722,-2.0532,1.8343,0.3025
0.7274,2.4321,1.0754,2.392
-0.7385,-1.9574,4.509,2.8433
0.1448,2.5503,1.0822,-3.7266
-1.8993,-0.5593,2.9792,0.8977
-1.3991,1.6031,4.4759,0.0295
1.3463,-2.0883,2.8835,-1.208
-0.1525,1.016,0.3639,3.4295
-1.5399,-1.5067,0.758,-0.6792
-0.3717,2.322,0.4741,0.6746
-1.0672,-1.0723,0.8607,-4.2849
-0.8254,1.7083,0.3677,0.2893
0.7468,-1.4982,0.3544,-0.617
1.1435,2.2292,0.0273,-0.4602
1.1408,-2.4268,0.2681,-0.5968
-0.3492,1.7912,0.7216,0.6607
1.2066,-1.7621,1.0902,0.3771
-0.4914,1.7271,0.6816,-0.0185
-1.1706,-3.0442,0.1726,2.3683
0.6419,2.8077,0.4432,-0.5454
-1.8895,-1.3886,1.9221,-2.6665
-0.0958,2.1451,2.0744,-1.199
0.0148,-2.2435,0.3,-0.2615
-0.9714,1.9745,0.5305,1.0642
-0.0159,-1.87,1.4666,-1.7061
-0.2694,2.0372,0.1294,0.1964
1.3931,-1.1302,0.4117,-2.2489
-1.7071,2.2725,0.5192,0.077
-0.5434,-2.4311,0.6017,2.1594
-1.2928,2.0322,0.9365,1.1257
0.8023,-1.5612,0.2135,1.4782
-1.345,1.694,1.0459,2.6022
0.1466,-1.853,0.3869,0.3393
0.2267,1.2292,1.7171,-1.4815
-0.6042,-2.6886,0.9224,1.8707
0.4172,2.6104,0.3733,2.8215
1.496,-2.2417,0.4844,0.0859
-0.2909,0.853,0.0001,-0.8668
0.9508,-2.0601,0.3227,-0.9892
-0.8959,2.4097,0.0489,-3.3256
0.2347,-1.3735,0.8878,-0.0666
-0.6033,1.7684,0.0612,0.4534
1.2151,-2.5941,1.1146,2.3433
1.2865,1.5511,0.2823,5.8521
0.9739,-2.247,0.2945,-1.2883
-1.2063,1.226,0.1662,1.1541
2.1241,-1.5391,0.062,-1.2202
0.4271,2.2585,1.2997,-3.0039
0.0704,-1.6463,0.9091,-1.8441
-0.6357,1.7897,1.8714,-1.4216
-1.9582,-0.9964,0.6451,-0.0243
-0.4019,2.1735,1.2898,4.7531
1.4496,-2.1119,1.2933,0.8781
0.8269,1.97,0.3161,0.0365
-0.979,-1.8502,0.1785,-4.717
-0.4599,1.4743,1.7787,-1.0854
-0.2883,-2.162,0.0083,2.5456
0.5373,2.0298,0.1325,2.8243
0.4623,-2.3821,3.7781,2.3895
-0.9983,1.8291,0.5676,-0.0788
-0.6274,-0.9792,0.055,0.3077
-0.256,1.9687,2.158,0.4051
0.0174,-1.3904,0.6614,-1.0872
1.2352,0.9734,0.66,2.9511
0.6701,-2.1145,2.21,0.2554
-0.1681,2.7997,1.5787,-0.648
0.9534,-1.8381,1.0532,-3.467
-0.6293,1.6471,0.0651,2.6936
-1.5702,-2.3868,1.0718,1.0705
-1.1507,2.4085,0.9349,-0.4913
-0.4338,-2.7494,0.1743,1.4337
-1.2818,1.2705,0.0995,1.6765
-1.4074,-1.7866,0.6727,0.6388
1.2229,2.3635,0.5259,0.0221
0.5491,-1.5911,1.3125,-2.2471
-0.013,1.8569,2.146,0.5989
0.0245,-2.0052,0.5262,-0.1039
-0.4368,2.0051,0.2549,-0.045
0.2712,-2.4512,0.9768,-1.9052
0.4178,2.2172,0.5017,0.7939
-0.868,-2.7552,0.9349,0.6653
2.7481,2.0533,1.2112,-1.5924
0.4451,-2.6782,0.3663,1.0536
0.9362,1.5646,1.8719,0.3946
0.1677,-1.3818,1.8058,-0.2025
1.0288,2.2469,1.9008,1.6097
-0.2286,-2.3714,0.434,-2.3359
-0.808,1.7336,0.8696,-0.6424
0.5678,-1.0782,0.6982,0.5512
1.4748,2.5714,0.6892,0.3544
-0.4607,-1.655,1.1339,4.5085
1.6895,1.6072,1.2094,-0.5394
1.0801,-2.5238,0.3907,-0.0772
1.2337,1.1959,0.1692,0.1587
0.7139,-1.6706,0.2037,-1.0501
-1.0427,2.1872,1.5208,0.551
0.6873,-3.019,0.232,-2.2712
1.3508,1.7249,0.4899,0.4265
0.9398,-1.6872,0.3384,-2.1251
0.6543,2.4607,0.1343,0.4221
