sample_index,temperature_c,pressure_kpa,humidity_pct,flow_rate,efficiency_pct,noise_db,stability,cost_index
1,24.7203,100.7627,54.6726,13.0764,84.1389,34.9339,0.9373,110.1978
2,21.2229,101.9063,59.9106,11.8848,80.7529,33.5805,0.8953,112.0179
3,26.4775,99.2956,50.5042,14.5557,88.0754,31.732,0.9683,97.3595
4,20.4502,102.2931,63.3043,10.8107,81.182,34.7056,0.8821,112.0485
5,21.2481,102.6275,64.2155,10.2586,76.5113,35.3295,0.8716,113.0762
6,21.4255,102.5116,61.1634,9.8075,77.8913,36.4694,0.8843,115.2325
7,23.0975,100.5993,53.3699,12.4985,82.1203,34.1195,0.9362,107.1832
8,27.5302,99.5536,53.0097,13.5338,84.4768,33.0942,0.9345,99.1487
9,25.8134,100.4984,62.8438,12.949,84.1758,33.5922,0.9467,108.4548
10,22.3838,101.6106,56.4407,12.4588,83.0626,33.5526,0.91,108.6579
11,17.6435,102.53,69.5666,10.5526,76.4385,40.7331,0.8655,117.228
12,22.4914,100.7161,60.9541,12.8081,79.1834,35.0693,0.8795,111.303
13,29.2749,98.0866,44.3063,15.4186,92.7829,29.5734,0.9647,98.3638
14,22.0054,101.6039,61.502,11.6126,81.241,35.1054,0.879,112.7669
15,24.1555,100.6103,61.7809,12.1626,80.8818,37.2706,0.9164,112.4595
16,26.6956,99.2364,48.3704,13.4226,86.857,37.3235,0.9589,99.2824
17,23.9064,101.3502,52.2893,11.8692,83.2246,33.2628,0.9084,112.9306
18,26.9902,99.3584,47.8298,14.5158,87.4231,28.9965,0.9469,96.4631
19,23.0705,101.0052,50.2613,12.1812,82.6283,31.7621,0.8988,113.4168
20,21.3574,101.5984,60.9294,10.9445,79.4947,34.6197,0.9071,107.5887
21,20.1722,102.3311,66.3229,10.6045,77.1537,36.8233,0.8797,117.762
22,21.414,101.4124,60.8958,10.4342,80.401,33.7206,0.9055,112.8059
23,18.7562,102.7799,65.0632,10.3029,78.2852,36.2019,0.8685,115.5169
24,24.2131,100.7609,54.0389,12.7098,84.9613,38.5425,0.9431,104.1771
25,23.8504,100.6403,55.6717,12.4167,83.1564,36.1247,0.9111,115.5211
26,23.0696,101.2339,58.4282,12.4881,81.9559,34.2583,0.9016,105.8747
27,17.9486,103.2183,70.6816,9.8518,74.6488,39.2945,0.8443,118.8224
28,20.1646,103.1597,71.1108,8.4387,74.1243,39.3386,0.8747,120.6875
29,27.554,99.1684,52.8474,14.3976,86.034,34.1758,0.9458,103.6187
30,23.5126,100.5392,52.2148,11.4964,81.9574,36.3374,0.9206,109.9246
31,20.6716,101.8795,61.5841,10.6606,79.3215,36.5618,0.8931,117.2243
32,27.2497,99.0698,44.2376,15.0689,89.6818,31.7085,0.9572,99.9991
33,21.3723,102.4294,62.4167,11.197,81.4985,38.2745,0.9083,116.3428
34,20.265,103.4335,67.5635,10.1865,75.8554,37.1506,0.8895,113.2508
35,26.5932,99.7409,50.0176,14.4564,86.9286,31.3825,0.9377,98.9334
36,24.8148,99.8731,49.4954,13.0233,86.1978,34.0353,0.9227,106.117
37,28.31,98.2392,46.0406,14.315,88.9008,32.3661,0.9742,98.8712
38,21.2342,102.8644,64.2879,11.3727,79.6414,37.3206,0.8999,110.445
39,25.1524,100.3824,47.3491,12.195,83.6243,36.2178,0.9172,107.9955
40,20.5024,100.6972,63.623,11.3854,80.9993,32.5234,0.9065,113.2042
41,25.3235,99.8432,51.996,13.6614,85.2497,34.4646,0.9477,104.7622
42,16.9969,103.5311,71.9879,9.2529,76.6488,35.8131,0.848,122.8791
43,25.407,101.6827,52.8615,10.6435,82.8151,36.2139,0.9242,109.1028
44,22.6277,99.9547,58.6436,12.6962,81.8827,34.635,0.9201,104.3383
45,22.577,102.5542,65.8366,10.6835,82.3836,39.744,0.8847,113.0561
46,27.1594,100.4103,45.7555,13.7242,87.801,38.6812,0.9534,101.2931
47,25.6471,99.9181,54.0824,13.2727,86.4983,33.4175,0.9424,102.4386
48,24.0204,101.1676,55.0053,13.0411,82.5656,36.2307,0.8976,103.4327
49,24.3278,100.1618,53.8546,13.676,84.3719,32.9301,0.9417,110.4491
50,25.6942,100.9441,52.5085,14.2905,84.7796,34.5983,0.9516,108.1823
51,24.6488,100.0321,54.6957,13.0308,83.4135,34.3294,0.9096,105.8744
52,23.3606,100.6503,58.6122,12.5578,83.2354,34.4184,0.9196,116.9309
53,21.7074,100.6429,58.025,12.0853,81.7881,38.0412,0.9015,113.7465
54,25.388,100.0155,44.2637,13.2027,84.1246,28.1169,0.9436,100.7523
55,27.8553,98.7908,48.4383,14.1126,88.9018,29.1551,0.9481,100.7827
56,26.3202,98.7623,46.5444,14.8623,86.3764,29.1741,0.9492,99.2581
57,26.6708,100.2626,56.404,13.207,84.7536,33.7153,0.9386,108.0418
58,22.6322,102.5907,58.1331,10.1893,81.9926,33.2185,0.9129,111.8692
59,14.1431,104.7362,77.1694,7.5079,70.4807,39.6892,0.8189,126.0978
60,25.6809,99.8837,57.1952,13.3416,81.7894,34.036,0.9251,102.6397
61,23.2972,100.9436,56.8356,12.1749,83.5569,35.0121,0.9047,111.3082
62,21.2995,102.0795,65.2833,10.7619,79.0314,33.0753,0.8795,113.0416
63,24.4661,100.7523,56.1332,12.4978,81.4859,33.4981,0.9166,108.0724
64,21.4909,102.3957,61.629,11.7787,79.9962,34.2187,0.8992,111.4478
65,23.82,100.1479,55.7694,14.0106,87.0761,36.8621,0.9487,103.9397
66,18.1976,103.3231,72.4718,8.2464,73.692,35.1044,0.8431,129.5462
67,28.5586,99.0848,46.0854,13.2065,89.732,33.4134,0.9525,98.855
68,22.5333,101.455,59.6718,12.6339,79.3875,33.5817,0.9154,113.6196
69,27.8396,98.8682,46.473,14.6798,91.0741,36.5045,0.9667,96.693
70,26.0921,100.2032,50.1033,13.6091,84.9914,29.4749,0.9528,103.6928
71,25.8355,101.0426,58.7581,12.1869,82.9212,32.0847,0.9306,108.0669
72,22.5855,101.7446,60.0729,12.4721,81.8469,35.1022,0.9006,105.9448
73,23.8348,100.9317,57.2256,11.04,82.9523,32.5117,0.9112,107.1042
74,26.4419,99.8803,55.1298,13.2046,85.95,36.6355,0.9495,102.8794
75,23.1722,102.2543,59.8362,11.5491,81.0208,35.3512,0.8812,107.3097
76,24.0649,101.2198,53.1391,12.25,83.7356,35.9972,0.913,107.4513
77,20.4149,102.5739,67.3845,11.3825,75.576,38.1389,0.8754,122.0282
78,21.8491,100.7228,59.4969,11.1032,80.0636,34.9283,0.8924,108.8208
79,24.784,99.5977,57.6818,13.4577,86.1726,33.4953,0.9279,104.8389
80,22.5518,101.3732,60.8409,11.4297,80.4434,37.307,0.9127,109.3166
81,24.9205,100.8624,53.8835,12.4519,82.2769,35.6514,0.9236,108.8462
82,17.4687,103.8003,65.4415,8.7586,72.7073,36.9987,0.8386,123.1141
83,26.3893,100.463,53.475,14.2055,85.3779,33.6783,0.948,102.037
84,22.5595,101.1521,60.7336,11.6711,82.143,33.5565,0.9327,110.3126
85,25.5555,100.4121,42.3125,13.9028,83.3545,33.7866,0.9461,104.9703
86,17.6915,103.5612,69.6736,9.0133,75.9247,37.939,0.856,125.4839
87,24.2938,100.5602,54.5714,13.3162,86.6728,32.8939,0.9413,107.9762
88,19.5103,103.1375,70.002,8.9729,75.8518,38.233,0.8662,116.1836
89,20.8411,102.9607,60.1437,12.0268,80.0392,35.0904,0.904,116.577
90,23.219,101.6076,59.5527,12.0198,79.3102,31.9753,0.9176,111.0256
91,24.9048,100.8055,48.8425,13.788,84.6674,32.6476,0.9294,109.071
92,23.487,101.1672,59.947,12.4874,85.4822,35.5741,0.9282,109.0797
93,21.7249,101.6719,63.9928,10.2699,79.2571,32.9664,0.8595,103.7106
94,21.4742,102.1145,58.2837,11.3317,80.6852,35.1832,0.87,112.1517
95,25.4966,100.2511,54.182,13.7608,85.1198,32.7137,0.9304,99.4695
96,23.1675,100.5108,55.5984,12.7977,82.5522,33.6411,0.9194,106.5607
