time_month,compute,storage,network,overhead
1,18.9672,14.6006,9.47,6.7603
2,19.9178,14.7629,9.9149,6.7821
3,20.8357,14.8886,10.3116,6.7689
4,21.7064,14.9802,10.6408,6.7258
5,22.5171,15.0414,10.8889,6.6599
6,23.2573,15.0764,11.0487,6.5792
7,23.9194,15.0905,11.1202,6.493
8,24.4991,15.0893,11.1107,6.4105
9,24.9951,15.079,11.0337,6.341
10,25.4095,15.066,10.9087,6.2929
11,25.7478,15.0567,10.7586,6.2734
12,26.0185,15.0574,10.6086,6.2881
13,26.2326,15.0743,10.4839,6.3408
14,26.4035,15.1129,10.4075,6.4328
15,26.5464,15.1784,10.3986,6.5637
16,26.6774,15.2749,10.4709,6.7304
17,26.8134,15.406,10.6315,6.9282
18,26.9707,15.574,10.8804,7.1503
19,27.1651,15.7804,11.2103,7.3888
20,27.4107,16.0257,11.6074,7.6346
21,27.7197,16.309,12.0526,7.8786
22,28.1016,16.6286,12.5228,8.1113
23,28.5632,16.9818,12.9927,8.3242
24,29.1081,17.3649,13.4373,8.5097
25,29.7363,17.7734,13.8334,8.662
26,30.4447,18.2019,14.162,8.777
27,31.2272,18.6449,14.4093,8.8526
28,32.0743,19.096,14.5683,8.8892
29,32.9743,19.5489,14.6391,8.8891
30,33.9132,19.9971,14.6288,8.8569
31,34.8755,20.4343,14.5514,8.7989
32,35.8448,20.8545,14.426,8.7229
33,36.8042,21.2521,14.2758,8.6378
34,37.7376,21.6223,14.126,8.5528
35,38.6297,21.9607,14.0016,8.4772
36,39.4667,22.2642,13.9257,8.4198
