wavelength_nm,observed_signal,peak_1,peak_2,peak_3,baseline,fitted_total
400,0.25401,0,0,0,0.18,0.18
402,0.23183,0.00001,0,0,0.1807,0.18071
404,0.14643,0.00001,0,0,0.1814,0.18141
406,0.14943,0.00001,0,0,0.1821,0.18211
408,0.06408,0.00003,0,0,0.1828,0.18283
410,0.25395,0.00004,0,0,0.1835,0.18354
412,0.20847,0.00007,0,0,0.1842,0.18427
414,0.22956,0.00011,0,0,0.1849,0.18501
416,0.19079,0.00018,0,0,0.1856,0.18578
418,0.09269,0.00029,0,0,0.1863,0.18659
420,0.23537,0.00045,0,0,0.187,0.18745
422,0.15746,0.0007,0,0,0.1877,0.1884
424,0.20464,0.00107,0,0,0.1884,0.18947
426,0.16956,0.00163,0,0,0.1891,0.19073
428,0.30165,0.00243,0,0,0.1898,0.19223
430,0.2026,0.00358,0,0,0.1905,0.19408
432,0.19199,0.00522,0,0,0.1912,0.19642
434,0.24598,0.00751,0,0,0.1919,0.19941
436,0.26796,0.01068,0,0,0.1926,0.20328
438,0.23055,0.015,0,0,0.1933,0.2083
440,0.1504,0.0208,0,0,0.194,0.2148
442,0.19588,0.0285,0,0,0.1947,0.2232
444,0.27539,0.03856,0,0,0.1954,0.23396
446,0.20947,0.05154,0,0,0.1961,0.24764
448,0.25834,0.06805,0,0,0.1968,0.26485
450,0.29686,0.08873,0,0,0.1975,0.28623
452,0.33135,0.11429,0,0,0.1982,0.31249
454,0.36961,0.1454,0,0,0.1989,0.3443
456,0.39961,0.1827,0,0,0.1996,0.38231
458,0.44933,0.22676,0,0,0.2003,0.42707
460,0.40982,0.278,0.00001,0,0.201,0.479
462,0.51057,0.33663,0.00001,0,0.2017,0.53834
464,0.48784,0.40262,0.00001,0,0.2024,0.60503
466,0.73499,0.47563,0.00002,0,0.2031,0.67875
468,0.72696,0.555,0.00003,0,0.2038,0.75883
470,0.76823,0.63967,0.00004,0,0.2045,0.84421
472,0.91964,0.7282,0.00006,0,0.2052,0.93346
474,0.9705,0.81882,0.00008,0,0.2059,1.0248
476,1.1666,0.90941,0.00011,0,0.2066,1.11612
478,1.1291,0.99764,0.00015,0,0.2073,1.20509
480,1.29484,1.081,0.00021,0,0.208,1.28921
482,1.25691,1.15695,0.00029,0,0.2087,1.36594
484,1.37129,1.22304,0.00039,0,0.2094,1.43283
486,1.48006,1.27705,0.00053,0,0.2101,1.48768
488,1.55339,1.31707,0.00072,0,0.2108,1.5286
490,1.55083,1.34169,0.00097,0,0.2115,1.55416
492,1.54083,1.35,0.00129,0,0.2122,1.56349
494,1.62092,1.34169,0.00171,0,0.2129,1.5563
496,1.51644,1.31707,0.00226,0,0.2136,1.53293
498,1.52122,1.27705,0.00296,0,0.2143,1.49431
500,1.44583,1.22304,0.00387,0,0.215,1.44191
502,1.48213,1.15695,0.00502,0,0.2157,1.37766
504,1.27546,1.081,0.00648,0,0.2164,1.30387
506,1.19856,0.99764,0.00831,0,0.2171,1.22305
508,1.17128,0.90941,0.01061,0,0.2178,1.13782
510,1.13327,0.81882,0.01347,0,0.2185,1.05079
512,0.98228,0.7282,0.01701,0,0.2192,0.96441
514,0.93728,0.63967,0.02136,0,0.2199,0.88092
516,0.77201,0.555,0.02667,0,0.2206,0.80227
518,0.70192,0.47563,0.03313,0,0.2213,0.73006
520,0.66079,0.40262,0.04092,0,0.222,0.66554
522,0.53611,0.33663,0.05027,0,0.2227,0.60959
524,0.5717,0.278,0.06142,0,0.2234,0.56281
526,0.58056,0.22676,0.07462,0,0.2241,0.52549
528,0.59912,0.1827,0.09018,0,0.2248,0.49768
530,0.40688,0.1454,0.10837,0,0.2255,0.47927
532,0.36105,0.11429,0.12953,0,0.2262,0.47002
534,0.48871,0.08873,0.15397,0,0.2269,0.4696
536,0.52842,0.06805,0.18201,0,0.2276,0.47766
538,0.46893,0.05154,0.214,0,0.2283,0.49384
540,0.47817,0.03856,0.25022,0,0.229,0.51778
542,0.5973,0.0285,0.29097,0,0.2297,0.54917
544,0.52168,0.0208,0.33651,0,0.2304,0.58771
546,0.64525,0.015,0.38705,0,0.2311,0.63314
548,0.72451,0.01068,0.44274,0,0.2318,0.68522
550,0.6931,0.00751,0.50367,0,0.2325,0.74368
552,0.92071,0.00522,0.56985,0,0.2332,0.80827
554,0.8454,0.00358,0.6412,0,0.2339,0.87868
556,0.94615,0.00243,0.71754,0,0.2346,0.95457
558,1.06673,0.00163,0.79857,0,0.2353,1.0355
560,1.10136,0.00107,0.88389,0,0.236,1.12097
562,1.10163,0.0007,0.97297,0,0.2367,1.21037
564,1.30079,0.00045,1.06517,0,0.2374,1.30302
566,1.36273,0.00029,1.15973,0,0.2381,1.39811
568,1.51691,0.00018,1.25576,0,0.2388,1.49475
570,1.53678,0.00011,1.35232,0,0.2395,1.59193
572,1.62472,0.00007,1.44832,0,0.2402,1.68859
574,1.85681,0.00004,1.54266,0,0.2409,1.7836
576,1.78944,0.00003,1.63414,0,0.2416,1.87577
578,2.00515,0.00001,1.72159,0,0.2423,1.9639
580,2.03539,0.00001,1.80378,0,0.243,2.04679
582,2.05995,0.00001,1.87956,0,0.2437,2.12326
584,2.159,0,1.9478,0,0.2444,2.19221
586,2.29802,0,2.00748,0,0.2451,2.25258
588,2.27144,0,2.05767,0,0.2458,2.30347
590,2.31229,0,2.09756,0,0.2465,2.34407
592,2.33209,0,2.12654,0,0.2472,2.37374
594,2.42091,0,2.14411,0,0.2479,2.39201
596,2.43752,0,2.15,0,0.2486,2.3986
598,2.39557,0,2.14411,0.00001,0.2493,2.39342
600,2.4428,0,2.12654,0.00001,0.25,2.37654
602,2.39459,0,2.09756,0.00001,0.2507,2.34828
604,2.35082,0,2.05767,0.00002,0.2514,2.30909
606,2.32567,0,2.00748,0.00003,0.2521,2.25962
608,2.17197,0,1.9478,0.00005,0.2528,2.20066
610,2.12788,0,1.87956,0.00008,0.2535,2.13314
612,1.9951,0,1.80378,0.00011,0.2542,2.05809
614,2.03385,0,1.72159,0.00017,0.2549,1.97665
616,1.9598,0,1.63414,0.00024,0.2556,1.88999
618,1.78482,0,1.54266,0.00035,0.2563,1.79931
620,1.68173,0,1.44832,0.0005,0.257,1.70583
622,1.56175,0,1.35232,0.00072,0.2577,1.61073
624,1.48271,0,1.25576,0.00101,0.2584,1.51518
626,1.45129,0,1.15973,0.00141,0.2591,1.42024
628,1.31385,0,1.06517,0.00196,0.2598,1.32693
630,1.3332,0,0.97297,0.00269,0.2605,1.23616
632,1.12915,0,0.88389,0.00367,0.2612,1.14876
634,1.0554,0,0.79857,0.00496,0.2619,1.06543
636,0.95597,0,0.71754,0.00665,0.2626,0.98679
638,0.91083,0,0.6412,0.00884,0.2633,0.91335
640,0.85861,0,0.56985,0.01166,0.264,0.84552
642,0.67828,0,0.50367,0.01526,0.2647,0.78363
644,0.76743,0,0.44274,0.0198,0.2654,0.72793
646,0.71179,0,0.38705,0.02547,0.2661,0.67862
648,0.63927,0,0.33651,0.0325,0.2668,0.63581
650,0.60375,0,0.29097,0.04114,0.2675,0.59961
652,0.58447,0,0.25022,0.05163,0.2682,0.57005
654,0.50883,0,0.214,0.06427,0.2689,0.54717
656,0.5182,0,0.18201,0.07935,0.2696,0.53097
658,0.52295,0,0.15397,0.09716,0.2703,0.52143
660,0.48444,0,0.12953,0.11799,0.271,0.51852
662,0.51675,0,0.10837,0.1421,0.2717,0.52217
664,0.53619,0,0.09018,0.16973,0.2724,0.53231
666,0.52598,0,0.07462,0.20107,0.2731,0.54879
668,0.62381,0,0.06142,0.23623,0.2738,0.57145
670,0.55905,0,0.05027,0.27526,0.2745,0.60003
672,0.61855,0,0.04092,0.31809,0.2752,0.63421
674,0.63934,0,0.03313,0.36456,0.2759,0.67359
676,0.71744,0,0.02667,0.41438,0.2766,0.71766
678,0.79953,0,0.02136,0.46714,0.2773,0.7658
680,0.79573,0,0.01701,0.52228,0.278,0.81729
682,0.8684,0,0.01347,0.57912,0.2787,0.87129
684,0.86456,0,0.01061,0.63686,0.2794,0.92687
686,1.00314,0,0.00831,0.69459,0.2801,0.983
688,1.01557,0,0.00648,0.75132,0.2808,1.0386
690,1.11574,0,0.00502,0.806,0.2815,1.09252
692,1.15228,0,0.00387,0.85754,0.2822,1.1436
694,1.14721,0,0.00296,0.90486,0.2829,1.19073
696,1.25048,0,0.00226,0.94694,0.2836,1.2328
698,1.29327,0,0.00171,0.98282,0.2843,1.26884
700,1.3241,0,0.00129,1.01167,0.285,1.29796
702,1.40195,0,0.00097,1.03279,0.2857,1.31945
704,1.30403,0,0.00072,1.04567,0.2864,1.33279
706,1.35146,0,0.00053,1.05,0.2871,1.33763
708,1.28265,0,0.00039,1.04567,0.2878,1.33386
710,1.28035,0,0.00029,1.03279,0.2885,1.32158
712,1.3722,0,0.00021,1.01167,0.2892,1.30108
714,1.20529,0,0.00015,0.98282,0.2899,1.27288
716,1.13466,0,0.00011,0.94694,0.2906,1.23765
718,1.1867,0,0.00008,0.90486,0.2913,1.19624
720,1.15716,0,0.00006,0.85754,0.292,1.1496
722,1.11679,0,0.00004,0.806,0.2927,1.09874
724,1.02804,0,0.00003,0.75132,0.2934,1.04475
726,0.93202,0,0.00002,0.69459,0.2941,0.98871
728,0.85799,0,0.00001,0.63686,0.2948,0.93167
730,0.82329,0,0.00001,0.57912,0.2955,0.87463
732,0.78025,0,0.00001,0.52228,0.2962,0.81848
734,0.80926,0,0,0.46714,0.2969,0.76404
736,0.70624,0,0,0.41438,0.2976,0.71199
738,0.72512,0,0,0.36456,0.2983,0.66286
740,0.62894,0,0,0.31809,0.299,0.61709
742,0.61812,0,0,0.27526,0.2997,0.57496
744,0.59956,0,0,0.23623,0.3004,0.53663
746,0.57842,0,0,0.20107,0.3011,0.50217
748,0.41011,0,0,0.16973,0.3018,0.47153
750,0.39979,0,0,0.1421,0.3025,0.4446
752,0.46456,0,0,0.11799,0.3032,0.42119
754,0.47126,0,0,0.09716,0.3039,0.40106
756,0.35351,0,0,0.07935,0.3046,0.38395
758,0.31635,0,0,0.06427,0.3053,0.36957
760,0.34574,0,0,0.05163,0.306,0.35763
762,0.32242,0,0,0.04114,0.3067,0.34784
764,0.38064,0,0,0.0325,0.3074,0.3399
766,0.41181,0,0,0.02547,0.3081,0.33357
768,0.35313,0,0,0.0198,0.3088,0.3286
770,0.38696,0,0,0.01526,0.3095,0.32476
772,0.27639,0,0,0.01166,0.3102,0.32186
774,0.26028,0,0,0.00884,0.3109,0.31974
776,0.36511,0,0,0.00665,0.3116,0.31825
778,0.26403,0,0,0.00496,0.3123,0.31726
780,0.29198,0,0,0.00367,0.313,0.31667
782,0.29006,0,0,0.00269,0.3137,0.31639
784,0.33332,0,0,0.00196,0.3144,0.31636
786,0.31101,0,0,0.00141,0.3151,0.31651
788,0.28922,0,0,0.00101,0.3158,0.31681
790,0.25658,0,0,0.00072,0.3165,0.31722
792,0.31109,0,0,0.0005,0.3172,0.3177
794,0.35739,0,0,0.00035,0.3179,0.31825
796,0.39162,0,0,0.00024,0.3186,0.31884
798,0.28045,0,0,0.00017,0.3193,0.31947
800,0.33564,0,0,0.00011,0.32,0.32011
