model_id,accuracy_pct,recall_pct,specificity_pct,latency_ms,memory_mb,robustness_pct,interpretability_pct,scalability_pct
1,96.2713,85.7515,88.915,45.1706,180.265,84.6919,86.9542,80.2853
2,88.4594,89.8696,93.293,57.5652,252.6588,76.3958,85.8917,81.2162
3,82.74,87.2988,85.0847,79.3586,350.1097,73.328,77.1358,65.3537
4,91.6609,89.7641,93.885,46.1099,172.5518,83.5415,86.8926,87.7909
5,82.4475,79.7181,86.1061,66.1382,374.2953,76.6617,78.5847,67.8357
6,85.42,87.8988,86.9776,61.4958,246.0679,77.3197,83.313,85.5205
7,82.8512,86.3659,86.1841,63.0761,316.8868,73.8595,73.2101,65.6582
8,85.1452,84.647,86.2095,64.5832,311.42,77.4609,77.9484,76.7415
9,88.925,80.236,86.8965,59.1682,304.8972,78.9403,75.5074,81.6694
10,96.2667,88.7015,91.5513,49.0664,222.6312,87.8843,85.3095,78.1726
11,85.0132,85.1592,88.9299,63.3593,308.2786,80.4545,83.0974,80.5759
12,90.8005,90.896,91.0657,51.769,207.4623,86.6093,84.1836,87.0805
13,84.1355,86.8253,87.9211,55.7066,307.4022,79.7511,80.0992,78.4359
14,82.7262,85.1557,85.8021,65.4948,305.99,78.66,82.0565,74.9445
15,90.9234,89.5394,95.2428,50.0483,222.6611,85.831,81.8632,89.61
16,83.9352,88.6884,87.0408,60.8782,313.992,78.1409,83.7782,74.8119
