sample_index,measurement,center_line,ucl,lcl
1,98.2373,100,103.6,96.4
2,99.2392,100,103.6,96.4
3,99.9788,100,103.6,96.4
4,100.2515,100,103.6,96.4
5,100.3116,100,103.6,96.4
6,101.7311,100,103.6,96.4
7,99.6345,100,103.6,96.4
8,101.4588,100,103.6,96.4
9,100.5358,100,103.6,96.4
10,100.5662,100,103.6,96.4
11,101.2595,100,103.6,96.4
12,100.2966,100,103.6,96.4
13,100.9499,100,103.6,96.4
14,101.2597,100,103.6,96.4
15,100.0502,100,103.6,96.4
16,100.6368,100,103.6,96.4
17,99.3143,100,103.6,96.4
18,99.5821,100,103.6,96.4
19,100.225,100,103.6,96.4
20,98.5232,100,103.6,96.4
21,100.7796,100,103.6,96.4
22,99.323,100,103.6,96.4
23,99.5614,100,103.6,96.4
24,99.8299,100,103.6,96.4
25,100.0859,100,103.6,96.4
26,98.8354,100,103.6,96.4
27,100.6223,100,103.6,96.4
28,98.7559,100,103.6,96.4
29,99.523,100,103.6,96.4
30,100.9464,100,103.6,96.4
31,100.8096,100,103.6,96.4
32,99.7048,100,103.6,96.4
33,107.0826,100,103.6,96.4
34,101.7327,100,103.6,96.4
35,101.3143,100,103.6,96.4
36,101.3626,100,103.6,96.4
37,101.6778,100,103.6,96.4
38,101.6505,100,103.6,96.4
39,100.3652,100,103.6,96.4
40,100.3859,100,103.6,96.4
41,100.8349,100,103.6,96.4
42,101.5811,100,103.6,96.4
43,101.0886,100,103.6,96.4
44,100.9504,100,103.6,96.4
45,99.5684,100,103.6,96.4
46,100.5323,100,103.6,96.4
47,95.7403,100,103.6,96.4
48,100.5343,100,103.6,96.4
49,101.477,100,103.6,96.4
50,99.8155,100,103.6,96.4
51,100.7623,100,103.6,96.4
52,101.8896,100,103.6,96.4
53,99.793,100,103.6,96.4
54,100.3239,100,103.6,96.4
55,99.2777,100,103.6,96.4
56,101.479,100,103.6,96.4
57,99.1564,100,103.6,96.4
58,101.2989,100,103.6,96.4
59,101.6071,100,103.6,96.4
60,101.5452,100,103.6,96.4
